--
-- PostgreSQL database dump
--

SET statement_timeout = 0;
SET client_encoding = 'UTF8';
SET standard_conforming_strings = on;
SET check_function_bodies = false;
SET client_min_messages = warning;

SET search_path = public, pg_catalog;

--
-- Data for Name: account_holdinggroup; Type: TABLE DATA; Schema: public; Owner: hfg
--

COPY account_holdinggroup (id, name) FROM stdin;
1	The Johnson Group
\.


--
-- Data for Name: account_user; Type: TABLE DATA; Schema: public; Owner: hfg
--

COPY account_user (id, password, last_login, is_superuser, username, first_name, last_name, email, is_staff, is_active, date_joined, created, modified, phone, searching_for, budget, pay_private_pay, pay_longterm_care, pay_veterans_benefits, pay_medicare, pay_medicaid, pay_ssi, care_bathing, care_diabetic, care_mobility, care_current, care_medical_assistance, care_toileting, care_memory_issues, care_diagnosed_memory, care_combinative, care_wandering, desired_city, resident_first_name, health_description, planned_move_date, move_in_time_frame) FROM stdin;
1	pbkdf2_sha256$12000$acnyqHRMJF1G$deVdIJC6ewb3MTJ3fAhkUAzDo5wtMBjyMhbnVCyw1pk=	2014-06-06 03:38:46.416069-04	t	c@w.com			c@w.com	t	t	2014-06-06 03:38:21.601402-04	2014-06-06 03:38:21.601595-04	2014-06-06 03:38:21.683107-04				f	f	f	f	f	f	f	f			f	f	f	f	f	f				\N	
3	pbkdf2_sha256$12000$UEkRk3QWnkN9$4ovJU3gw1wAf0IS40kVKnD8RGDSwSj4vs3+T50BxG1Q=	2014-06-10 03:10:08.166686-04	f	mrweed30	bob	ross	mrweed+3@gmail.com	f	t	2014-06-10 03:10:07.514535-04	2014-06-10 03:10:07.515021-04	2014-06-10 03:10:21.131019-04	1234567890			f	f	f	f	f	f	f	f			f	f	f	f	f	f				\N	
4	pbkdf2_sha256$12000$x9SKkzbGxDmX$JnBsjpXIsSSLyOd0VGpPd85Q31imSJJ1TTnZZ8jATUs=	2014-06-10 03:11:28.406509-04	f	mrweed40	robert	ross	mrweed+4@gmail.com	f	t	2014-06-10 03:11:27.878624-04	2014-06-10 03:11:27.878846-04	2014-06-10 03:11:37.977252-04	1234567890			f	f	f	f	f	f	f	f			f	f	f	f	f	f				\N	
5	pbkdf2_sha256$12000$Y33Ouon1Dhbx$wLTWZ9WpBKLGDLKQs4n4HxP0gOy+VsWOCMj1G6FgqS8=	2014-06-10 12:11:44.878426-04	f	weed0	wd	Wd	weed@weed.weed	f	t	2014-06-10 12:11:43.993156-04	2014-06-10 12:11:43.993393-04	2014-06-10 12:11:54.830922-04	1234567890			f	f	f	f	f	f	f	f			f	f	f	f	f	f				\N	
6	pbkdf2_sha256$12000$IBoL8YQ9AGPZ$NIsSRCHMrKBSbKsBU5gV8Y6iRoqBAmrzapHnRPGRDes=	2014-06-10 20:22:15.997952-04	f	butt0	butt	wizard	butt@wizard.com	f	t	2014-06-10 20:22:15.491816-04	2014-06-10 20:22:15.492017-04	2014-06-10 20:22:26.323779-04	0987654321			f	f	f	f	f	f	f	f			f	f	f	f	f	f				\N	
7	pbkdf2_sha256$12000$Hol0QdK2Bo7T$kaI9v9TqiG267r4On5Q3PfUPY/w8ErMLH/J9yGoVtqs=	2014-06-10 20:23:40.91446-04	f	ro0			ro@bo.cop	f	t	2014-06-10 20:23:40.239287-04	2014-06-10 20:23:40.239503-04	2014-06-10 20:23:40.404508-04				f	f	f	f	f	f	f	f			f	f	f	f	f	f				\N	
8	pbkdf2_sha256$12000$gHK5JwQJtRD1$GvD6BruXqJMJBRfb+7uV6vHW1tIdrzHSJaogz3dG96o=	2014-06-10 20:24:38.079431-04	f	roooboo0	ro	bocop	roooboo@com.cop	f	t	2014-06-10 20:24:37.608863-04	2014-06-10 20:24:37.608923-04	2014-06-10 20:24:38.107865-04	0912837465			f	f	f	f	f	f	f	f			f	f	f	f	f	f				\N	
2	pbkdf2_sha256$12000$BO7P7P7s4EjW$DmgrBhU8znvxLBLwW+ysS6tkfAH24/pHVk2OD2tJlmM=	2014-06-10 20:27:53.791823-04	f	mrweed20	boop	town	mrweed+2@gmail.com	f	t	2014-06-06 14:31:03.59947-04	2014-06-06 14:31:03.599472-04	2014-06-08 02:29:43.827555-04	4233334444			t	f	f	f	f	f	f	f			f	f	f	f	f	f	awdawd		pretty bad	\N	
\.


--
-- Data for Name: account_facilitydirector; Type: TABLE DATA; Schema: public; Owner: hfg
--

COPY account_facilitydirector (user_ptr_id, holding_group_id) FROM stdin;
\.


--
-- Name: account_holdinggroup_id_seq; Type: SEQUENCE SET; Schema: public; Owner: hfg
--

SELECT pg_catalog.setval('account_holdinggroup_id_seq', 1, true);


--
-- Data for Name: app_condition; Type: TABLE DATA; Schema: public; Owner: hfg
--

COPY app_condition (id, created, modified, name) FROM stdin;
1	2014-06-06 03:42:01.911916-04	2014-06-06 03:42:01.912654-04	Dementia / Alzheimers
2	2014-06-06 03:42:12.63326-04	2014-06-06 03:42:12.633527-04	Catheter
3	2014-06-06 03:42:22.19706-04	2014-06-06 03:42:22.197658-04	Colostomy
4	2014-06-06 03:42:31.533091-04	2014-06-06 03:42:31.533666-04	Diabetes
5	2014-06-06 03:42:43.06766-04	2014-06-06 03:42:43.068622-04	Injections
6	2014-06-06 03:42:53.636701-04	2014-06-06 03:42:53.637182-04	Incontinence
7	2014-06-06 03:43:01.378012-04	2014-06-06 03:43:01.378757-04	Wound / Bedsores
\.


--
-- Data for Name: account_user_conditions; Type: TABLE DATA; Schema: public; Owner: hfg
--

COPY account_user_conditions (id, user_id, condition_id) FROM stdin;
\.


--
-- Name: account_user_conditions_id_seq; Type: SEQUENCE SET; Schema: public; Owner: hfg
--

SELECT pg_catalog.setval('account_user_conditions_id_seq', 1, false);


--
-- Data for Name: auth_group; Type: TABLE DATA; Schema: public; Owner: hfg
--

COPY auth_group (id, name) FROM stdin;
\.


--
-- Data for Name: account_user_groups; Type: TABLE DATA; Schema: public; Owner: hfg
--

COPY account_user_groups (id, user_id, group_id) FROM stdin;
\.


--
-- Name: account_user_groups_id_seq; Type: SEQUENCE SET; Schema: public; Owner: hfg
--

SELECT pg_catalog.setval('account_user_groups_id_seq', 1, false);


--
-- Name: account_user_id_seq; Type: SEQUENCE SET; Schema: public; Owner: hfg
--

SELECT pg_catalog.setval('account_user_id_seq', 8, true);


--
-- Data for Name: django_content_type; Type: TABLE DATA; Schema: public; Owner: hfg
--

COPY django_content_type (id, name, app_label, model) FROM stdin;
1	permission	auth	permission
2	group	auth	group
3	content type	contenttypes	contenttype
4	session	sessions	session
5	site	sites	site
6	log entry	admin	logentry
7	migration history	south	migrationhistory
8	event processing exception	payments	eventprocessingexception
9	event	payments	event
10	transfer	payments	transfer
11	transfer charge fee	payments	transferchargefee
12	customer	payments	customer
13	current subscription	payments	currentsubscription
14	invoice	payments	invoice
15	invoice item	payments	invoiceitem
16	charge	payments	charge
17	user social auth	default	usersocialauth
18	nonce	default	nonce
19	association	default	association
20	code	default	code
21	facility	app	facility
22	facility fee	app	facilityfee
23	fee	app	fee
24	facility message	app	facilitymessage
25	facility type	app	facilitytype
26	language	app	language
27	condition	app	condition
28	amenity	app	amenity
29	room type	app	roomtype
30	facility image	app	facilityimage
31	inquiry	app	inquiry
32	invoice	app	invoice
33	favorite	app	favorite
34	phone request	app	phonerequest
35	user	account	user
36	holding group	account	holdinggroup
37	user	account	facilitydirector
38	registration profile	registration	registrationprofile
\.


--
-- Data for Name: auth_permission; Type: TABLE DATA; Schema: public; Owner: hfg
--

COPY auth_permission (id, name, content_type_id, codename) FROM stdin;
1	Can add permission	1	add_permission
2	Can change permission	1	change_permission
3	Can delete permission	1	delete_permission
4	Can add group	2	add_group
5	Can change group	2	change_group
6	Can delete group	2	delete_group
7	Can add content type	3	add_contenttype
8	Can change content type	3	change_contenttype
9	Can delete content type	3	delete_contenttype
10	Can add session	4	add_session
11	Can change session	4	change_session
12	Can delete session	4	delete_session
13	Can add site	5	add_site
14	Can change site	5	change_site
15	Can delete site	5	delete_site
16	Can add log entry	6	add_logentry
17	Can change log entry	6	change_logentry
18	Can delete log entry	6	delete_logentry
19	Can add migration history	7	add_migrationhistory
20	Can change migration history	7	change_migrationhistory
21	Can delete migration history	7	delete_migrationhistory
22	Can add event processing exception	8	add_eventprocessingexception
23	Can change event processing exception	8	change_eventprocessingexception
24	Can delete event processing exception	8	delete_eventprocessingexception
25	Can add event	9	add_event
26	Can change event	9	change_event
27	Can delete event	9	delete_event
28	Can add transfer	10	add_transfer
29	Can change transfer	10	change_transfer
30	Can delete transfer	10	delete_transfer
31	Can add transfer charge fee	11	add_transferchargefee
32	Can change transfer charge fee	11	change_transferchargefee
33	Can delete transfer charge fee	11	delete_transferchargefee
34	Can add customer	12	add_customer
35	Can change customer	12	change_customer
36	Can delete customer	12	delete_customer
37	Can add current subscription	13	add_currentsubscription
38	Can change current subscription	13	change_currentsubscription
39	Can delete current subscription	13	delete_currentsubscription
40	Can add invoice	14	add_invoice
41	Can change invoice	14	change_invoice
42	Can delete invoice	14	delete_invoice
43	Can add invoice item	15	add_invoiceitem
44	Can change invoice item	15	change_invoiceitem
45	Can delete invoice item	15	delete_invoiceitem
46	Can add charge	16	add_charge
47	Can change charge	16	change_charge
48	Can delete charge	16	delete_charge
49	Can add user social auth	17	add_usersocialauth
50	Can change user social auth	17	change_usersocialauth
51	Can delete user social auth	17	delete_usersocialauth
52	Can add nonce	18	add_nonce
53	Can change nonce	18	change_nonce
54	Can delete nonce	18	delete_nonce
55	Can add association	19	add_association
56	Can change association	19	change_association
57	Can delete association	19	delete_association
58	Can add code	20	add_code
59	Can change code	20	change_code
60	Can delete code	20	delete_code
61	Can add facility	21	add_facility
62	Can change facility	21	change_facility
63	Can delete facility	21	delete_facility
64	Can add facility fee	22	add_facilityfee
65	Can change facility fee	22	change_facilityfee
66	Can delete facility fee	22	delete_facilityfee
67	Can add fee	23	add_fee
68	Can change fee	23	change_fee
69	Can delete fee	23	delete_fee
70	Can add facility message	24	add_facilitymessage
71	Can change facility message	24	change_facilitymessage
72	Can delete facility message	24	delete_facilitymessage
73	Can add facility type	25	add_facilitytype
74	Can change facility type	25	change_facilitytype
75	Can delete facility type	25	delete_facilitytype
76	Can add language	26	add_language
77	Can change language	26	change_language
78	Can delete language	26	delete_language
79	Can add condition	27	add_condition
80	Can change condition	27	change_condition
81	Can delete condition	27	delete_condition
82	Can add amenity	28	add_amenity
83	Can change amenity	28	change_amenity
84	Can delete amenity	28	delete_amenity
85	Can add room type	29	add_roomtype
86	Can change room type	29	change_roomtype
87	Can delete room type	29	delete_roomtype
88	Can add facility image	30	add_facilityimage
89	Can change facility image	30	change_facilityimage
90	Can delete facility image	30	delete_facilityimage
91	Can add inquiry	31	add_inquiry
92	Can change inquiry	31	change_inquiry
93	Can delete inquiry	31	delete_inquiry
94	Can add invoice	32	add_invoice
95	Can change invoice	32	change_invoice
96	Can delete invoice	32	delete_invoice
97	Can add favorite	33	add_favorite
98	Can change favorite	33	change_favorite
99	Can delete favorite	33	delete_favorite
100	Can add phone request	34	add_phonerequest
101	Can change phone request	34	change_phonerequest
102	Can delete phone request	34	delete_phonerequest
103	Can add user	35	add_user
104	Can change user	35	change_user
105	Can delete user	35	delete_user
106	Can add holding group	36	add_holdinggroup
107	Can change holding group	36	change_holdinggroup
108	Can delete holding group	36	delete_holdinggroup
109	Can add user	37	add_facilitydirector
110	Can change user	37	change_facilitydirector
111	Can delete user	37	delete_facilitydirector
112	Can add registration profile	38	add_registrationprofile
113	Can change registration profile	38	change_registrationprofile
114	Can delete registration profile	38	delete_registrationprofile
\.


--
-- Data for Name: account_user_user_permissions; Type: TABLE DATA; Schema: public; Owner: hfg
--

COPY account_user_user_permissions (id, user_id, permission_id) FROM stdin;
\.


--
-- Name: account_user_user_permissions_id_seq; Type: SEQUENCE SET; Schema: public; Owner: hfg
--

SELECT pg_catalog.setval('account_user_user_permissions_id_seq', 1, false);


--
-- Data for Name: app_amenity; Type: TABLE DATA; Schema: public; Owner: hfg
--

COPY app_amenity (id, created, modified, name) FROM stdin;
1	2014-06-06 03:40:38.394397-04	2014-06-06 03:40:38.39517-04	Planned Activities
2	2014-06-06 03:40:49.214254-04	2014-06-06 03:40:49.214722-04	Pets Allowed
3	2014-06-06 03:40:58.634866-04	2014-06-06 03:40:58.635385-04	Internet Access
4	2014-06-06 03:41:06.071095-04	2014-06-06 03:41:06.071632-04	Cable Tv
5	2014-06-06 03:41:13.971388-04	2014-06-06 03:41:13.971951-04	Transportation Service
6	2014-06-06 03:41:22.356251-04	2014-06-06 03:41:22.356785-04	Fitness Room
7	2014-06-06 03:41:30.72152-04	2014-06-06 03:41:30.722027-04	Pool or Hot Tub
8	2014-06-06 03:41:40.526743-04	2014-06-06 03:41:40.527239-04	Alarmed Exits
\.


--
-- Name: app_amenity_id_seq; Type: SEQUENCE SET; Schema: public; Owner: hfg
--

SELECT pg_catalog.setval('app_amenity_id_seq', 8, true);


--
-- Name: app_condition_id_seq; Type: SEQUENCE SET; Schema: public; Owner: hfg
--

SELECT pg_catalog.setval('app_condition_id_seq', 7, true);


--
-- Data for Name: app_facility; Type: TABLE DATA; Schema: public; Owner: hfg
--

COPY app_facility (id, created, modified, name, holding_group_id, director_name, director_email, director_avatar, phone, license, city, zipcode, min_price, address, state, slug, latitude, longitude, shown_on_home, status, description_short, description_long, care_level_1_cost, care_level_2_cost, care_level_3_cost, care_memory_cost, medication_level_1_cost, medication_level_2_cost, medication_level_3_cost, capacity, vacancies, care_type) FROM stdin;
1	2014-06-06 04:03:02.177395-04	2014-06-06 04:03:02.341615-04	Living Oaks	1	Robert Johnson	RJ@johnsongroup.org	director_avatars/Living_Oaks/	4435678900	Adw2	New Orleans	21218	649	W. South Ave	NY	living-oaks-21218	100	100	t	Vacancies	Great Views	Great views of sharks and other marine animals	1	2	3	4	5	6	7	10	5	Rent Only
\.


--
-- Data for Name: app_facility_amenities; Type: TABLE DATA; Schema: public; Owner: hfg
--

COPY app_facility_amenities (id, facility_id, amenity_id) FROM stdin;
1	1	8
2	1	1
3	1	2
4	1	7
\.


--
-- Name: app_facility_amenities_id_seq; Type: SEQUENCE SET; Schema: public; Owner: hfg
--

SELECT pg_catalog.setval('app_facility_amenities_id_seq', 4, true);


--
-- Data for Name: app_facility_conditions; Type: TABLE DATA; Schema: public; Owner: hfg
--

COPY app_facility_conditions (id, facility_id, condition_id) FROM stdin;
1	1	2
2	1	4
3	1	5
\.


--
-- Name: app_facility_conditions_id_seq; Type: SEQUENCE SET; Schema: public; Owner: hfg
--

SELECT pg_catalog.setval('app_facility_conditions_id_seq', 3, true);


--
-- Data for Name: app_facilitytype; Type: TABLE DATA; Schema: public; Owner: hfg
--

COPY app_facilitytype (id, created, modified, name) FROM stdin;
1	2014-06-06 03:44:46.363173-04	2014-06-06 03:44:46.363701-04	Assisted Living
2	2014-06-06 03:44:56.896382-04	2014-06-06 03:44:56.897062-04	Memory Care
\.


--
-- Data for Name: app_facility_facility_types; Type: TABLE DATA; Schema: public; Owner: hfg
--

COPY app_facility_facility_types (id, facility_id, facilitytype_id) FROM stdin;
1	1	1
\.


--
-- Name: app_facility_facility_types_id_seq; Type: SEQUENCE SET; Schema: public; Owner: hfg
--

SELECT pg_catalog.setval('app_facility_facility_types_id_seq', 1, true);


--
-- Name: app_facility_id_seq; Type: SEQUENCE SET; Schema: public; Owner: hfg
--

SELECT pg_catalog.setval('app_facility_id_seq', 1, true);


--
-- Data for Name: app_language; Type: TABLE DATA; Schema: public; Owner: hfg
--

COPY app_language (id, created, modified, name) FROM stdin;
1	2014-06-06 03:39:22.225698-04	2014-06-06 03:39:22.226303-04	English
2	2014-06-06 03:39:31.589483-04	2014-06-06 03:39:31.589988-04	Spanish
3	2014-06-06 03:39:40.430736-04	2014-06-06 03:39:40.431573-04	Chinese
4	2014-06-06 03:39:52.755442-04	2014-06-06 03:39:52.76528-04	Talagog
5	2014-06-06 03:40:05.171758-04	2014-06-06 03:40:05.172657-04	Japanese
6	2014-06-06 03:40:17.765336-04	2014-06-06 03:40:17.766011-04	Korean
\.


--
-- Data for Name: app_facility_languages; Type: TABLE DATA; Schema: public; Owner: hfg
--

COPY app_facility_languages (id, facility_id, language_id) FROM stdin;
1	1	1
2	1	5
\.


--
-- Name: app_facility_languages_id_seq; Type: SEQUENCE SET; Schema: public; Owner: hfg
--

SELECT pg_catalog.setval('app_facility_languages_id_seq', 2, true);


--
-- Data for Name: app_fee; Type: TABLE DATA; Schema: public; Owner: hfg
--

COPY app_fee (id, created, modified, name) FROM stdin;
1	2014-06-06 03:43:33.396471-04	2014-06-06 03:43:33.397797-04	Additional Person (Spouse)
2	2014-06-06 03:43:46.350633-04	2014-06-06 03:43:46.351594-04	Respite
3	2014-06-06 03:43:58.623025-04	2014-06-06 03:43:58.623446-04	Pet
\.


--
-- Data for Name: app_facilityfee; Type: TABLE DATA; Schema: public; Owner: hfg
--

COPY app_facilityfee (id, created, modified, facility_id, fee_id, cost) FROM stdin;
\.


--
-- Name: app_facilityfee_id_seq; Type: SEQUENCE SET; Schema: public; Owner: hfg
--

SELECT pg_catalog.setval('app_facilityfee_id_seq', 1, false);


--
-- Data for Name: app_facilityimage; Type: TABLE DATA; Schema: public; Owner: hfg
--

COPY app_facilityimage (id, created, modified, facility_id, featured, image) FROM stdin;
\.


--
-- Name: app_facilityimage_id_seq; Type: SEQUENCE SET; Schema: public; Owner: hfg
--

SELECT pg_catalog.setval('app_facilityimage_id_seq', 1, false);


--
-- Data for Name: app_facilitymessage; Type: TABLE DATA; Schema: public; Owner: hfg
--

COPY app_facilitymessage (id, created, modified, user_id, facility_id, budget, pay_private_pay, pay_longterm_care, pay_veterans_benefits, pay_medicare, pay_medicaid, pay_ssi, care_bathing, care_diabetic, care_mobility, care_current, care_medical_assistance, care_toileting, care_memory_issues, care_diagnosed_memory, care_combinative, care_wandering, comments, health_description, move_in_time_frame, desired_city, searching_for, resident_first_name, read, replied_by, replied_datetime, planned_move_date) FROM stdin;
\.


--
-- Name: app_facilitymessage_id_seq; Type: SEQUENCE SET; Schema: public; Owner: hfg
--

SELECT pg_catalog.setval('app_facilitymessage_id_seq', 16, true);


--
-- Name: app_facilitytype_id_seq; Type: SEQUENCE SET; Schema: public; Owner: hfg
--

SELECT pg_catalog.setval('app_facilitytype_id_seq', 2, true);


--
-- Data for Name: app_favorite; Type: TABLE DATA; Schema: public; Owner: hfg
--

COPY app_favorite (id, created, modified, user_id, facility_id) FROM stdin;
\.


--
-- Name: app_favorite_id_seq; Type: SEQUENCE SET; Schema: public; Owner: hfg
--

SELECT pg_catalog.setval('app_favorite_id_seq', 1, false);


--
-- Name: app_fee_id_seq; Type: SEQUENCE SET; Schema: public; Owner: hfg
--

SELECT pg_catalog.setval('app_fee_id_seq', 3, true);


--
-- Data for Name: app_inquiry; Type: TABLE DATA; Schema: public; Owner: hfg
--

COPY app_inquiry (id, created, modified, from_user_id, est_move, message, remind) FROM stdin;
\.


--
-- Name: app_inquiry_id_seq; Type: SEQUENCE SET; Schema: public; Owner: hfg
--

SELECT pg_catalog.setval('app_inquiry_id_seq', 1, false);


--
-- Data for Name: app_invoice; Type: TABLE DATA; Schema: public; Owner: hfg
--

COPY app_invoice (id, created, modified, holding_group_id, facility_id, status, payment_method, contact_person_name, contact_person_relationship, contact_person_phone, contact_person_email, move_in_date, resident_name, amount) FROM stdin;
\.


--
-- Name: app_invoice_id_seq; Type: SEQUENCE SET; Schema: public; Owner: hfg
--

SELECT pg_catalog.setval('app_invoice_id_seq', 1, false);


--
-- Name: app_language_id_seq; Type: SEQUENCE SET; Schema: public; Owner: hfg
--

SELECT pg_catalog.setval('app_language_id_seq', 6, true);


--
-- Data for Name: app_phonerequest; Type: TABLE DATA; Schema: public; Owner: hfg
--

COPY app_phonerequest (id, created, modified, user_id, facility_id) FROM stdin;
\.


--
-- Name: app_phonerequest_id_seq; Type: SEQUENCE SET; Schema: public; Owner: hfg
--

SELECT pg_catalog.setval('app_phonerequest_id_seq', 1, false);


--
-- Data for Name: app_roomtype; Type: TABLE DATA; Schema: public; Owner: hfg
--

COPY app_roomtype (id, created, modified, facility_id, unit_type, square_footage, starting_price) FROM stdin;
\.


--
-- Name: app_roomtype_id_seq; Type: SEQUENCE SET; Schema: public; Owner: hfg
--

SELECT pg_catalog.setval('app_roomtype_id_seq', 1, false);


--
-- Name: auth_group_id_seq; Type: SEQUENCE SET; Schema: public; Owner: hfg
--

SELECT pg_catalog.setval('auth_group_id_seq', 1, false);


--
-- Data for Name: auth_group_permissions; Type: TABLE DATA; Schema: public; Owner: hfg
--

COPY auth_group_permissions (id, group_id, permission_id) FROM stdin;
\.


--
-- Name: auth_group_permissions_id_seq; Type: SEQUENCE SET; Schema: public; Owner: hfg
--

SELECT pg_catalog.setval('auth_group_permissions_id_seq', 1, false);


--
-- Name: auth_permission_id_seq; Type: SEQUENCE SET; Schema: public; Owner: hfg
--

SELECT pg_catalog.setval('auth_permission_id_seq', 114, true);


--
-- Data for Name: django_admin_log; Type: TABLE DATA; Schema: public; Owner: hfg
--

COPY django_admin_log (id, action_time, user_id, content_type_id, object_id, object_repr, action_flag, change_message) FROM stdin;
1	2014-06-06 03:39:22.244054-04	1	26	1	English	1	
2	2014-06-06 03:39:31.603682-04	1	26	2	Spanish	1	
3	2014-06-06 03:39:40.495073-04	1	26	3	Chinese	1	
4	2014-06-06 03:39:52.825553-04	1	26	4	Talagog	1	
5	2014-06-06 03:40:05.210276-04	1	26	5	Japanese	1	
6	2014-06-06 03:40:17.801409-04	1	26	6	Korean	1	
7	2014-06-06 03:40:38.416634-04	1	28	1	Planned Activities	1	
8	2014-06-06 03:40:49.2294-04	1	28	2	Pets Allowed	1	
9	2014-06-06 03:40:58.651603-04	1	28	3	Internet Access	1	
10	2014-06-06 03:41:06.085912-04	1	28	4	Cable Tv	1	
11	2014-06-06 03:41:13.984169-04	1	28	5	Transportation Service	1	
12	2014-06-06 03:41:22.368713-04	1	28	6	Fitness Room	1	
13	2014-06-06 03:41:30.739029-04	1	28	7	Pool or Hot Tub	1	
14	2014-06-06 03:41:40.543312-04	1	28	8	Alarmed Exits	1	
15	2014-06-06 03:42:01.929454-04	1	27	1	Dementia / Alzheimers	1	
16	2014-06-06 03:42:12.64791-04	1	27	2	Catheter	1	
17	2014-06-06 03:42:22.215712-04	1	27	3	Colostomy	1	
18	2014-06-06 03:42:31.55324-04	1	27	4	Diabetes	1	
19	2014-06-06 03:42:43.082766-04	1	27	5	Injections	1	
20	2014-06-06 03:42:53.652433-04	1	27	6	Incontinence	1	
21	2014-06-06 03:43:01.396439-04	1	27	7	Wound / Bedsores	1	
22	2014-06-06 03:43:33.438364-04	1	23	1	Additional Person (Spouse)	1	
23	2014-06-06 03:43:46.371571-04	1	23	2	Respite	1	
24	2014-06-06 03:43:58.636737-04	1	23	3	Pet	1	
25	2014-06-06 03:44:46.378701-04	1	25	1	Assisted Living	1	
26	2014-06-06 03:44:56.911967-04	1	25	2	Memory Care	1	
27	2014-06-06 03:45:36.777509-04	1	36	1	The Johnson Group	1	
28	2014-06-06 04:03:02.667408-04	1	21	1	Living Oaks	1	
\.


--
-- Name: django_admin_log_id_seq; Type: SEQUENCE SET; Schema: public; Owner: hfg
--

SELECT pg_catalog.setval('django_admin_log_id_seq', 28, true);


--
-- Name: django_content_type_id_seq; Type: SEQUENCE SET; Schema: public; Owner: hfg
--

SELECT pg_catalog.setval('django_content_type_id_seq', 38, true);


--
-- Data for Name: django_session; Type: TABLE DATA; Schema: public; Owner: hfg
--

COPY django_session (session_key, session_data, expire_date) FROM stdin;
aqqru6hqnjjpv6oire3ah93jc8v7078f	OTQ0YTc3MDhjNDA4NWU5ZmY2OWU3NjZiMzdiNzM1YjhhMmZiZjFkZDp7fQ==	2014-06-20 14:31:03.825052-04
ak1xfwobvkyxprxrkd25wk9er0wv24yg	OTQ0YTc3MDhjNDA4NWU5ZmY2OWU3NjZiMzdiNzM1YjhhMmZiZjFkZDp7fQ==	2014-06-24 03:10:08.0651-04
ue6ihvo0uhg3dmaa8apif3s0d5c776fg	OTQ0YTc3MDhjNDA4NWU5ZmY2OWU3NjZiMzdiNzM1YjhhMmZiZjFkZDp7fQ==	2014-06-24 03:11:06.683253-04
dd5ln9fjv2j3bee51pdiey9mjm48eb84	OTQ0YTc3MDhjNDA4NWU5ZmY2OWU3NjZiMzdiNzM1YjhhMmZiZjFkZDp7fQ==	2014-06-24 20:16:44.012114-04
c50q3m3r9tuoa0zmoljz7pgsxxhbwv4u	OTQ0YTc3MDhjNDA4NWU5ZmY2OWU3NjZiMzdiNzM1YjhhMmZiZjFkZDp7fQ==	2014-06-24 20:17:07.777352-04
50nzdtlvxrsqorkwoznthrkm28xj77yb	OTQ0YTc3MDhjNDA4NWU5ZmY2OWU3NjZiMzdiNzM1YjhhMmZiZjFkZDp7fQ==	2014-06-24 20:21:12.124366-04
myf8zfcngp6zoulhnagnld5dfc0oop1n	OTQ0YTc3MDhjNDA4NWU5ZmY2OWU3NjZiMzdiNzM1YjhhMmZiZjFkZDp7fQ==	2014-06-24 20:23:40.746304-04
18vpsvnuvj7uzyn3bt0s34sblne0xbnb	N2UzZDJjZWZlOTFjN2RhOTViNThlNjhiYjMyN2Q2NzIwOGY4YTkyNTp7Il9hdXRoX3VzZXJfYmFja2VuZCI6ImFjY291bnQuYmFja2VuZHMuVXNlckF1dGhCYWNrZW5kIiwiX2F1dGhfdXNlcl9pZCI6Mn0=	2014-06-24 20:27:54.188468-04
\.


--
-- Data for Name: django_site; Type: TABLE DATA; Schema: public; Owner: hfg
--

COPY django_site (id, domain, name) FROM stdin;
1	example.com	example.com
\.


--
-- Name: django_site_id_seq; Type: SEQUENCE SET; Schema: public; Owner: hfg
--

SELECT pg_catalog.setval('django_site_id_seq', 1, true);


--
-- Data for Name: payments_customer; Type: TABLE DATA; Schema: public; Owner: hfg
--

COPY payments_customer (id, stripe_id, created_at, user_id, card_fingerprint, card_last_4, card_kind, date_purged) FROM stdin;
\.


--
-- Data for Name: payments_invoice; Type: TABLE DATA; Schema: public; Owner: hfg
--

COPY payments_invoice (id, stripe_id, customer_id, attempted, attempts, closed, paid, period_end, period_start, subtotal, total, date, charge, created_at) FROM stdin;
\.


--
-- Data for Name: payments_charge; Type: TABLE DATA; Schema: public; Owner: hfg
--

COPY payments_charge (id, stripe_id, created_at, customer_id, invoice_id, card_last_4, card_kind, amount, amount_refunded, description, paid, disputed, refunded, fee, receipt_sent, charge_created) FROM stdin;
\.


--
-- Name: payments_charge_id_seq; Type: SEQUENCE SET; Schema: public; Owner: hfg
--

SELECT pg_catalog.setval('payments_charge_id_seq', 1, false);


--
-- Data for Name: payments_currentsubscription; Type: TABLE DATA; Schema: public; Owner: hfg
--

COPY payments_currentsubscription (id, customer_id, plan, quantity, start, status, cancel_at_period_end, canceled_at, current_period_end, current_period_start, ended_at, trial_end, trial_start, amount, created_at) FROM stdin;
\.


--
-- Name: payments_currentsubscription_id_seq; Type: SEQUENCE SET; Schema: public; Owner: hfg
--

SELECT pg_catalog.setval('payments_currentsubscription_id_seq', 1, false);


--
-- Name: payments_customer_id_seq; Type: SEQUENCE SET; Schema: public; Owner: hfg
--

SELECT pg_catalog.setval('payments_customer_id_seq', 1, false);


--
-- Data for Name: payments_event; Type: TABLE DATA; Schema: public; Owner: hfg
--

COPY payments_event (id, stripe_id, created_at, kind, livemode, customer_id, webhook_message, validated_message, valid, processed) FROM stdin;
\.


--
-- Name: payments_event_id_seq; Type: SEQUENCE SET; Schema: public; Owner: hfg
--

SELECT pg_catalog.setval('payments_event_id_seq', 1, false);


--
-- Data for Name: payments_eventprocessingexception; Type: TABLE DATA; Schema: public; Owner: hfg
--

COPY payments_eventprocessingexception (id, event_id, data, message, traceback, created_at) FROM stdin;
\.


--
-- Name: payments_eventprocessingexception_id_seq; Type: SEQUENCE SET; Schema: public; Owner: hfg
--

SELECT pg_catalog.setval('payments_eventprocessingexception_id_seq', 1, false);


--
-- Name: payments_invoice_id_seq; Type: SEQUENCE SET; Schema: public; Owner: hfg
--

SELECT pg_catalog.setval('payments_invoice_id_seq', 1, false);


--
-- Data for Name: payments_invoiceitem; Type: TABLE DATA; Schema: public; Owner: hfg
--

COPY payments_invoiceitem (id, stripe_id, created_at, invoice_id, amount, currency, period_start, period_end, proration, line_type, description, plan, quantity) FROM stdin;
\.


--
-- Name: payments_invoiceitem_id_seq; Type: SEQUENCE SET; Schema: public; Owner: hfg
--

SELECT pg_catalog.setval('payments_invoiceitem_id_seq', 1, false);


--
-- Data for Name: payments_transfer; Type: TABLE DATA; Schema: public; Owner: hfg
--

COPY payments_transfer (id, stripe_id, created_at, event_id, amount, status, date, description, adjustment_count, adjustment_fees, adjustment_gross, charge_count, charge_fees, charge_gross, collected_fee_count, collected_fee_gross, net, refund_count, refund_fees, refund_gross, validation_count, validation_fees) FROM stdin;
\.


--
-- Name: payments_transfer_id_seq; Type: SEQUENCE SET; Schema: public; Owner: hfg
--

SELECT pg_catalog.setval('payments_transfer_id_seq', 1, false);


--
-- Data for Name: payments_transferchargefee; Type: TABLE DATA; Schema: public; Owner: hfg
--

COPY payments_transferchargefee (id, transfer_id, amount, application, description, kind, created_at) FROM stdin;
\.


--
-- Name: payments_transferchargefee_id_seq; Type: SEQUENCE SET; Schema: public; Owner: hfg
--

SELECT pg_catalog.setval('payments_transferchargefee_id_seq', 1, false);


--
-- Data for Name: registration_registrationprofile; Type: TABLE DATA; Schema: public; Owner: hfg
--

COPY registration_registrationprofile (id, user_id, activation_key) FROM stdin;
\.


--
-- Name: registration_registrationprofile_id_seq; Type: SEQUENCE SET; Schema: public; Owner: hfg
--

SELECT pg_catalog.setval('registration_registrationprofile_id_seq', 1, false);


--
-- Data for Name: social_auth_association; Type: TABLE DATA; Schema: public; Owner: hfg
--

COPY social_auth_association (id, server_url, handle, secret, issued, lifetime, assoc_type) FROM stdin;
\.


--
-- Name: social_auth_association_id_seq; Type: SEQUENCE SET; Schema: public; Owner: hfg
--

SELECT pg_catalog.setval('social_auth_association_id_seq', 1, false);


--
-- Data for Name: social_auth_code; Type: TABLE DATA; Schema: public; Owner: hfg
--

COPY social_auth_code (id, email, code, verified) FROM stdin;
\.


--
-- Name: social_auth_code_id_seq; Type: SEQUENCE SET; Schema: public; Owner: hfg
--

SELECT pg_catalog.setval('social_auth_code_id_seq', 1, false);


--
-- Data for Name: social_auth_nonce; Type: TABLE DATA; Schema: public; Owner: hfg
--

COPY social_auth_nonce (id, server_url, "timestamp", salt) FROM stdin;
\.


--
-- Name: social_auth_nonce_id_seq; Type: SEQUENCE SET; Schema: public; Owner: hfg
--

SELECT pg_catalog.setval('social_auth_nonce_id_seq', 1, false);


--
-- Data for Name: social_auth_usersocialauth; Type: TABLE DATA; Schema: public; Owner: hfg
--

COPY social_auth_usersocialauth (id, user_id, provider, uid, extra_data) FROM stdin;
\.


--
-- Name: social_auth_usersocialauth_id_seq; Type: SEQUENCE SET; Schema: public; Owner: hfg
--

SELECT pg_catalog.setval('social_auth_usersocialauth_id_seq', 1, false);


--
-- Data for Name: south_migrationhistory; Type: TABLE DATA; Schema: public; Owner: hfg
--

COPY south_migrationhistory (id, app_name, migration, applied) FROM stdin;
1	app	0001_initial	2014-06-06 03:32:42.950168-04
2	account	0001_initial	2014-06-06 03:32:49.72175-04
3	app	0002_auto__del_field_facilitymessage_plnned_move_date__add_field_facilityme	2014-06-06 04:51:27.620878-04
4	app	0003_auto__chg_field_facilitymessage_replied_datetime	2014-06-06 14:01:02.091405-04
5	app	0004_auto__chg_field_facilitymessage_planned_move_date	2014-06-06 14:02:03.169782-04
6	account	0002_auto__add_field_user_health_description__add_field_user_planned_move_d	2014-06-06 14:43:59.207876-04
\.


--
-- Name: south_migrationhistory_id_seq; Type: SEQUENCE SET; Schema: public; Owner: hfg
--

SELECT pg_catalog.setval('south_migrationhistory_id_seq', 6, true);


--
-- PostgreSQL database dump complete
--

